Names,links
Aloe Vera,https://upload.wikimedia.org/wikipedia/commons/4/4b/Aloe_vera_flower_inset.png
Basil,https://upload.wikimedia.org/wikipedia/commons/9/97/Ocimum_basilicum_8zz.jpg
Lavender,https://upload.wikimedia.org/wikipedia/commons/7/7e/Single_lavender_flower02.jpg
Rosemary,https://upload.wikimedia.org/wikipedia/commons/a/a3/Rosemary_in_bloom.JPG
Mentha,https://upload.wikimedia.org/wikipedia/commons/7/72/Pfefferminze_natur_peppermint.jpg
Thyme,https://upload.wikimedia.org/wikipedia/commons/e/ea/Thyme-Bundle.jpg
Peace Lily,https://upload.wikimedia.org/wikipedia/commons/b/bd/Spathiphyllum_cochlearispathum_RTBG.jpg
Spider Plant,https://upload.wikimedia.org/wikipedia/commons/b/b1/Hierbabuena_0611_Revised.jpg
Parsley,https://upload.wikimedia.org/wikipedia/commons/e/e4/Petroselinum.jpg
Fern (Boston),https://upload.wikimedia.org/wikipedia/commons/3/30/Boston_Fern_%282873392811%29.png
Bamboo,https://upload.wikimedia.org/wikipedia/commons/e/e2/Dracaena_sanderiana_2.jpg
Money Plant,https://upload.wikimedia.org/wikipedia/commons/d/d4/RPlantSavGraceIpswich140324_%285_of_12%29_%2853589044022%29_%28cropped%29.jpg
Jade Plant,https://upload.wikimedia.org/wikipedia/commons/5/5a/Crassula_ovata_700.jpg
Orchids,https://upload.wikimedia.org/wikipedia/commons/3/34/Plant_Orchid_Cymbidium_aloifolium_P1110661_05_-_cropped.jpg
Cilantro,https://upload.wikimedia.org/wikipedia/commons/1/13/Coriandrum_sativum_-_K%C3%B6hler%E2%80%93s_Medizinal-Pflanzen-193.jpg
Dill,https://upload.wikimedia.org/wikipedia/commons/4/4b/Illustration_Anethum_graveolens_clean.jpg
Oregano,https://upload.wikimedia.org/wikipedia/commons/1/14/Origanum_vulgare_-_harilik_pune.jpg
Pothos,https://upload.wikimedia.org/wikipedia/commons/7/70/Pothos_repens_CBM.png
Bougainvillea,https://upload.wikimedia.org/wikipedia/commons/4/4c/Bougainvillea_closeup.jpg
Fiddle Leaf Fig,https://upload.wikimedia.org/wikipedia/commons/8/84/Starr_031108-0130_Ficus_lyrata.jpg
Sage,https://upload.wikimedia.org/wikipedia/commons/5/5a/Salvia_officinalis0.jpg
Cosmos,https://upload.wikimedia.org/wikipedia/commons/e/e0/Cosmos_bipinnatus%2C_a_wild_Cosmos_%289461227273%29.jpg
Geranium,https://upload.wikimedia.org/wikipedia/commons/a/a7/Geranium_February_2008-1.jpg
Marigold,https://upload.wikimedia.org/wikipedia/commons/b/b0/Tagetes_erecta_chendumalli_chedi.jpg
Zinnia,https://upload.wikimedia.org/wikipedia/commons/a/ac/Zinnia_single_layer_and_12_Petals_2.jpg
Hibiscus,https://upload.wikimedia.org/wikipedia/commons/c/cb/Hibiscus_flower_TZ.jpg
Begonia,https://upload.wikimedia.org/wikipedia/commons/f/fb/Begonia_obliqua00.jpg
Chrysanthemum,https://upload.wikimedia.org/wikipedia/commons/b/b5/Chrysanthemum_nangkingense.jpg
Daffodil,https://upload.wikimedia.org/wikipedia/commons/6/63/Narcissus_poeticus_subsp._radiiflorus.1658.jpg
Tulip,https://upload.wikimedia.org/wikipedia/commons/9/9e/%D7%A6%D7%91%D7%A2%D7%95%D7%A0%D7%99%D7%9D.JPG
Jasmine,https://upload.wikimedia.org/wikipedia/commons/4/42/Common_Jasmine.jpg
Ivy,https://upload.wikimedia.org/wikipedia/commons/9/9d/2014-10-29_13_43_39_Poison_Ivy_foliage_during_autumn_leaf_coloration_in_Ewing%2C_New_Jersey.JPG
Nasturtium,https://upload.wikimedia.org/wikipedia/commons/4/40/Nasturtium_lvs.jpg
Carnation,https://upload.wikimedia.org/wikipedia/commons/3/3b/W_carnation4051.jpg
Pansy,https://upload.wikimedia.org/wikipedia/commons/b/b8/PansyScan_%28cropped%29.jpg
Sweet Pea,https://upload.wikimedia.org/wikipedia/commons/d/d7/Sweet_Pea-7.jpg
Verbena,https://upload.wikimedia.org/wikipedia/commons/3/38/Eisenkraut%2C_Passau.JPG
Gerbera Daisy,https://upload.wikimedia.org/wikipedia/commons/3/3b/Unidentified_Gerbera.jpg
Hyacinth,https://upload.wikimedia.org/wikipedia/commons/7/7e/Hyacinth_-_Anglesey_Abbey.jpg
Foxglove,https://upload.wikimedia.org/wikipedia/commons/7/74/Digitalis_purpurea2.jpg
Bluebell,https://upload.wikimedia.org/wikipedia/commons/a/a8/Hyacinthoides_non-scripta_%28Common_Bluebell%29.jpg
Camellia,https://upload.wikimedia.org/wikipedia/commons/7/71/Csinensis.jpg
Magnolia,https://upload.wikimedia.org/wikipedia/commons/a/a4/Magnolia_sieboldii_flower_1.jpg
Gardenia,https://upload.wikimedia.org/wikipedia/commons/5/54/Gardenia_jasminoides_flower_Argentina.jpg
Eucalyptus,https://upload.wikimedia.org/wikipedia/commons/4/4c/Eucalyptus_tereticornis_flowers%2C_capsules%2C_buds_and_foliage.jpeg
Lotus,https://upload.wikimedia.org/wikipedia/commons/e/ed/Sacred_lotus_Nelumbo_nucifera.jpg
Epiphyllum,https://upload.wikimedia.org/wikipedia/commons/6/6e/Epiphyllum_oxypetalum_flower.JPG
Coneflower,https://upload.wikimedia.org/wikipedia/commons/8/8e/Echinacea_purpurea_Grandview_Prairie.jpg
Alyssum,https://upload.wikimedia.org/wikipedia/commons/3/3b/Alyssum_montanum_ENBLA06.jpg
Lobelia,https://upload.wikimedia.org/wikipedia/commons/8/86/Lobelia_%28aka%29.jpg
Aster,https://upload.wikimedia.org/wikipedia/commons/e/e4/Asteraceae_-_Aster_amellus.JPG
Coral Bells,https://upload.wikimedia.org/wikipedia/commons/0/0e/San_Gabriel_Mountains_coralbells.jpg
Bleeding Heart,https://upload.wikimedia.org/wikipedia/commons/4/47/Dicentra-spectabilis.jpg
Sweet Alyssum,https://upload.wikimedia.org/wikipedia/commons/a/a0/Smagliczka_nadmorska_1.jpg
Astilbe,https://upload.wikimedia.org/wikipedia/commons/e/e8/Astilbe_arendsii1.jpg
Coreopsis,https://upload.wikimedia.org/wikipedia/commons/1/1e/Coreopsisgigantea.jpg
Globe Thistle,https://upload.wikimedia.org/wikipedia/commons/2/2f/Echinops_adenocaulos.jpg
Catnip,https://upload.wikimedia.org/wikipedia/commons/0/0b/Catnip_flowers.jpg
Tarragon,https://upload.wikimedia.org/wikipedia/commons/6/6c/Estragon_1511.jpg
Bay Laurel,https://upload.wikimedia.org/wikipedia/commons/a/a2/Starr-071024-0195-Laurus_nobilis-leaves-Enchanting_Floral_Gardens_of_Kula-Maui_%2824867859296%29.jpg
Lemon Balm,https://upload.wikimedia.org/wikipedia/commons/7/70/Lemon_balm_plant.jpg
Fennel,https://upload.wikimedia.org/wikipedia/commons/c/c0/Foeniculum_July_2011-1a.jpg
Stevia,https://upload.wikimedia.org/wikipedia/commons/9/9a/Stevia_plant.jpg
Marjoram,https://upload.wikimedia.org/wikipedia/commons/5/5c/Origanum_majorana_002.JPG
ZZ Plant,https://upload.wikimedia.org/wikipedia/commons/c/cf/Zamioculcas_zamiifolia_1.jpg
Philodendron,https://upload.wikimedia.org/wikipedia/commons/c/c1/Tree1.JPG
Calathea,https://upload.wikimedia.org/wikipedia/commons/e/e7/Starr_080716-9470_Calathea_crotalifera.jpg
Croton,https://upload.wikimedia.org/wikipedia/commons/0/08/Croton_californicus_4.jpg
Ficus Tree,https://upload.wikimedia.org/wikipedia/commons/1/16/Ficus_elastica_leaves_02.JPG
Haworthia,https://upload.wikimedia.org/wikipedia/commons/b/b9/Haworthia_cymbiformis_1.jpg
Hoya (Wax Plant),https://upload.wikimedia.org/wikipedia/commons/e/ea/NKN-2007-06-13_114250_Hoya_Carnosa_%28Yvan_Leduc_author_for_Wikipedia%29.jpg
Begonia (Outdoor),https://upload.wikimedia.org/wikipedia/commons/e/e4/Aardbei_Lambada_vruchtrot_Botrytis_cinerea.jpg
Petunia (Trailing),https://upload.wikimedia.org/wikipedia/commons/f/fb/Calibrachoa_flower_red.jpg
Clematis,https://upload.wikimedia.org/wikipedia/commons/7/70/Clematis_%27Nelly_Moser%27.JPG
Ageratum,https://upload.wikimedia.org/wikipedia/commons/1/15/Ageratum_houstonianum_%28alverson%29.jpg
Zantedeschia,https://upload.wikimedia.org/wikipedia/commons/a/ab/Zantedeschia_-_Calla_Lilly2.jpg
Heliotrope,https://upload.wikimedia.org/wikipedia/commons/f/f2/Heliotropium_peruvianum.jpg
Gazania,https://upload.wikimedia.org/wikipedia/commons/e/e3/Gardenology.org-IMG_0043_rbgm10dec.jpg
Portulaca,https://upload.wikimedia.org/wikipedia/commons/2/2f/Portulaca_oleracea.jpg
Coleus,https://upload.wikimedia.org/wikipedia/commons/1/1b/Leaf_-pani_koorkka.JPG
Amaryllis,https://upload.wikimedia.org/wikipedia/commons/f/ff/March_lilly_grave_1.JPG
Yucca,https://upload.wikimedia.org/wikipedia/commons/5/5e/Yucca_elata_-_tmcelrath_01.jpg
Acalypha,https://upload.wikimedia.org/wikipedia/commons/7/7b/Acalypha_Hispida_DS.jpg
Viola,https://upload.wikimedia.org/wikipedia/commons/c/c8/Viola_reichenbachiana_LC0128.jpg
Jasmine (Outdoor),https://upload.wikimedia.org/wikipedia/commons/4/45/Nicotiana_alata1By_Carl_E_Lewis.jpg
Campanula,https://upload.wikimedia.org/wikipedia/commons/2/2e/Campanula_persicifolia_Tehumardi_Saaremaa.jpg
Sea Holly,https://upload.wikimedia.org/wikipedia/commons/3/37/Illustration_Eryngium_maritimum0.jpg
Daylily,https://upload.wikimedia.org/wikipedia/commons/6/66/Hemerocallis_lilioasphodelus.jpg
Yarrow,https://upload.wikimedia.org/wikipedia/commons/1/1a/Achillea_millefolium_%28bright%29.jpg
Neem Tree,https://upload.wikimedia.org/wikipedia/commons/7/7b/Neem_Tree_in_Rajasthan%2C_India.jpg
Peepal Tree (Bodhi Tree),https://upload.wikimedia.org/wikipedia/commons/9/94/Ficus_religiosa_Bo.jpg
Banyan Tree (Bargad),https://upload.wikimedia.org/wikipedia/commons/9/9f/Great_banyan_tree_kol.jpg
Sheesham Tree,https://upload.wikimedia.org/wikipedia/commons/e/e9/Dalbergia_sissoo_Bra24.png
Delonix regia,https://upload.wikimedia.org/wikipedia/commons/8/87/Royal_Poinciana.jpg
Date Palm,https://upload.wikimedia.org/wikipedia/commons/4/45/Dates005.jpg
Ber Tree (Indian Jujube),https://upload.wikimedia.org/wikipedia/commons/f/fc/Indian_jujube_%28fruit%29.jpg
Chrysanthemum (Outdoor),https://upload.wikimedia.org/wikipedia/commons/8/84/Chrysanthemum.JPG
Japanese Maple,https://upload.wikimedia.org/wikipedia/commons/d/d6/Acer_palmatum0.jpg
Cucumbers,https://upload.wikimedia.org/wikipedia/commons/9/96/ARS_cucumber.jpg
Maranta (Prayer Plant),https://upload.wikimedia.org/wikipedia/commons/4/4a/Maranta_leuconeura3.jpg
Kalanchoe,https://upload.wikimedia.org/wikipedia/commons/6/67/Kalanchoe.blossfeldiana.jpg
Pilea,https://upload.wikimedia.org/wikipedia/commons/6/6d/Pilea_peperomioides_Chinese_money_plant.jpg
Pothos (Golden Pathos),https://upload.wikimedia.org/wikipedia/commons/5/5f/Nike_of_Samothrake_Louvre_Ma2369_n4.jpg
Ficus Benjamina,https://upload.wikimedia.org/wikipedia/commons/1/19/Starr-080608-7576-Ficus_benjamina-habit_with_Laysan_albatross-Gym_Sand_Island-Midway_Atoll_%2824823189861%29.jpg
Mimosa,https://upload.wikimedia.org/wikipedia/commons/2/26/Mimosa_pudica_in_September_month.jpg
Zucchini,https://upload.wikimedia.org/wikipedia/commons/9/92/CSA-Striped-Zucchini.jpg
Chili Pepper,https://upload.wikimedia.org/wikipedia/commons/1/1e/Bhut-Jolokia-pc.jpg
Grape Vine,https://upload.wikimedia.org/wikipedia/commons/8/84/Vitis_californica_with_grapes.jpg
Cherry Blossom,https://upload.wikimedia.org/wikipedia/commons/9/96/Sakura_and_Moss_Pink_-_%E6%A1%9C%28%E3%81%95%E3%81%8F%E3%82%89%29%E3%81%A8%E8%8A%9D%E6%A1%9C%28%E3%81%97%E3%81%B0%E3%81%96%E3%81%8F%E3%82%89%29.jpg
Pine,https://upload.wikimedia.org/wikipedia/commons/6/6e/Resin_with_insect_%28aka%29.jpg
Lily of the Valley,https://upload.wikimedia.org/wikipedia/commons/f/f9/Convallaria_majalis_inflorescence_-_Keila.jpg
Wisteria,https://upload.wikimedia.org/wikipedia/commons/0/07/Chinese_Wisteria_Bl%C3%BCtentrauben.JPG
Strawberry,https://upload.wikimedia.org/wikipedia/commons/4/4c/Garden_strawberry_%28Fragaria_%C3%97_ananassa%29_single2.jpg
Raspberry,https://upload.wikimedia.org/wikipedia/commons/2/2b/Raspberries_%28Rubus_idaeus%29.jpg
Cornflower,https://upload.wikimedia.org/wikipedia/commons/0/07/Centaurea_cyanus_flower_001.jpg
Apple Tree,https://upload.wikimedia.org/wikipedia/commons/9/92/Hippomane_mancinella_%28fruit%29.jpg
Balsam,https://upload.wikimedia.org/wikipedia/commons/a/a6/Balsamum_tolutanum1.JPG
Banana Plant,https://upload.wikimedia.org/wikipedia/commons/d/de/Bananavarieties.jpg
Blackcurrant,https://upload.wikimedia.org/wikipedia/commons/0/05/Ribes_nigrum_a1.JPG
Bok Choy,https://upload.wikimedia.org/wikipedia/commons/9/99/Bok_Choy_%2849553125456%29.jpg
Brassica,https://upload.wikimedia.org/wikipedia/commons/d/d9/Brassica_rapa_plant.jpg
Chayote,https://upload.wikimedia.org/wikipedia/commons/f/f1/Chayote_BNC.jpg
Chestnut,https://upload.wikimedia.org/wikipedia/commons/d/d0/American_Chestnut.JPG
Clementine,https://upload.wikimedia.org/wikipedia/commons/5/5d/Clementines_whole%2C_peeled%2C_half_and_sectioned.jpg
Clove,https://upload.wikimedia.org/wikipedia/commons/4/48/CloveEssOil.png
Corn,https://upload.wikimedia.org/wikipedia/commons/f/fa/Ustilago_maydis_J1b.jpg
Cucumber,https://upload.wikimedia.org/wikipedia/commons/9/96/ARS_cucumber.jpg
Currant,https://upload.wikimedia.org/wikipedia/commons/0/05/Ribes_nigrum_a1.JPG
Dragon Fruit,https://upload.wikimedia.org/wikipedia/commons/4/43/Pitaya_cross_section_ed2.jpg
Fig Tree,https://upload.wikimedia.org/wikipedia/commons/3/3d/Sycomoros_old.jpg
Jasmine (Indoor),https://upload.wikimedia.org/wikipedia/commons/6/6d/Orkide_i_finstua_mot_vest.jpg
Kiwi,https://upload.wikimedia.org/wikipedia/commons/0/0a/Actinidia_fruits.jpg
Lady's Mantle,https://upload.wikimedia.org/wikipedia/commons/6/62/Lady%27s_Mantle_Alchemilla_vulgaris_2816px.jpg
Nectarine,https://upload.wikimedia.org/wikipedia/commons/9/92/Illustration_Prunus_persica_clean_no_descr.jpg
Acanthus,https://upload.wikimedia.org/wikipedia/commons/7/7a/Acanthus_montanus3.jpg
Alstroemeria,https://upload.wikimedia.org/wikipedia/commons/a/a7/Alstroemeria_aurantiaca.jpg
Aquilegia (Columbine),https://upload.wikimedia.org/wikipedia/commons/b/bb/Wald-Akelei.JPG
Arum Lily,https://upload.wikimedia.org/wikipedia/commons/a/ab/Zantedeschia_-_Calla_Lilly2.jpg
Barberry,https://upload.wikimedia.org/wikipedia/commons/e/ef/Berberis_thunb_frt.jpg
Cananga (Ylang-Ylang),https://upload.wikimedia.org/wikipedia/commons/5/5b/Cananga_odorata_01.JPG
Cockscomb (Celosia),https://upload.wikimedia.org/wikipedia/commons/0/05/Celosia_spicata.jpg
Cress,https://upload.wikimedia.org/wikipedia/commons/2/2d/Lepidium_sativum_2019-05-04_2820.jpg
Cyclamen,https://upload.wikimedia.org/wikipedia/commons/d/de/Wild_cyclamens.jpg
Ficus Microcarpa,https://upload.wikimedia.org/wikipedia/commons/2/24/Ficus_microcarpa_-_La_Gomera_01.jpg
Guava,https://upload.wikimedia.org/wikipedia/commons/8/88/Guava_pink_fruit.jpg
Ixia,https://upload.wikimedia.org/wikipedia/commons/a/ae/Ixia_African_Corn_Lilies.jpg
Kiwi Vine,https://upload.wikimedia.org/wikipedia/commons/0/0a/Actinidia_fruits.jpg
Knautia,https://upload.wikimedia.org/wikipedia/commons/d/d4/Acker-Witwenblume_Knautia_arvensis.jpg
Luffa,https://upload.wikimedia.org/wikipedia/commons/1/18/Luffa_aegyptiaca_compose.jpg
Malva (Mallow),https://upload.wikimedia.org/wikipedia/commons/d/d8/Malva_neglecta-flower.jpg
Protea,https://upload.wikimedia.org/wikipedia/commons/3/3c/Protea_repens_bush.jpg
Red-leafed Maple,https://upload.wikimedia.org/wikipedia/commons/d/d6/Acer_palmatum0.jpg
Rhododendron,https://upload.wikimedia.org/wikipedia/commons/e/e0/Alpenroos.jpg
Taro,https://upload.wikimedia.org/wikipedia/commons/3/30/Songe-R%C3%A9union.JPG
Violet,https://upload.wikimedia.org/wikipedia/commons/c/c8/Viola_reichenbachiana_LC0128.jpg
Zebra Plant,https://upload.wikimedia.org/wikipedia/commons/4/45/Equus_quagga_burchellii_-_Etosha%2C_2014.jpg
Zephyranthes (Rain Lily),https://upload.wikimedia.org/wikipedia/commons/e/ef/Zephyranthes_carinata.jpg
Buckwheat,https://upload.wikimedia.org/wikipedia/commons/a/a7/Japanese_Buckwheat_Flower.JPG
Elderflower,https://upload.wikimedia.org/wikipedia/commons/a/a9/Sambucus-berries.jpg
Epazote,https://upload.wikimedia.org/wikipedia/commons/d/df/Dysphania_ambrosioides_NRCS-1_%28cropped%29.jpg
Fern (Maidenhair),https://upload.wikimedia.org/wikipedia/commons/1/1c/Adiantum_capillus-veneris_2601.jpg
Galangal,https://upload.wikimedia.org/wikipedia/commons/9/9a/Galangal.web.jpg
Indian Cress,https://upload.wikimedia.org/wikipedia/commons/2/2d/Lepidium_sativum_2019-05-04_2820.jpg
Mandevilla,https://upload.wikimedia.org/wikipedia/commons/b/b7/Mandevilla_sanderi_red_1.jpg
Mayapple,https://upload.wikimedia.org/wikipedia/commons/e/e9/Podophyllum_peltatum_Arkansas.jpg
Nutmeg,https://upload.wikimedia.org/wikipedia/commons/c/c8/Biji_Pala_Bubuk.jpg
Orchid (Vanilla),https://upload.wikimedia.org/wikipedia/commons/d/d4/Vanillebl%C3%BCte1.jpg
Plumeria,https://upload.wikimedia.org/wikipedia/commons/e/ed/Plumeria_rubra-4.JPG
Quinoa,https://upload.wikimedia.org/wikipedia/commons/9/96/Reismelde.jpg
Redwood,https://upload.wikimedia.org/wikipedia/commons/0/03/US_199_Redwood_Highway.jpg
Rose of Sharon,https://upload.wikimedia.org/wikipedia/commons/5/59/Rose_of_sharon.JPG
Rosemary Mint,https://upload.wikimedia.org/wikipedia/commons/2/26/Poliominthaincana.JPG
Sedge,https://upload.wikimedia.org/wikipedia/commons/4/47/Papyrus_%28Cyperus_papyrus%29_%287079191471%29.jpg
Silene (Catchfly),https://upload.wikimedia.org/wikipedia/commons/f/fe/Silene_nutans_220505.jpg
Silverbell Tree,https://upload.wikimedia.org/wikipedia/commons/e/ec/Halesia_carolina0.jpg
Soursop,https://upload.wikimedia.org/wikipedia/commons/6/6d/Annona_muricata_1.jpg
Tansy,https://upload.wikimedia.org/wikipedia/commons/d/d6/Tanacetum_vulgare_-_harilik_soolikarohi_Keilas2.jpg
Themeda (Kangaroo Grass),https://upload.wikimedia.org/wikipedia/commons/5/53/Themeda_triandra_-_kangaroo_grass.jpg
Tuberose (Polianthes),https://upload.wikimedia.org/wikipedia/commons/8/8e/Tuberose_flower.jpg
Wattle,https://upload.wikimedia.org/wikipedia/commons/9/9b/Acacia_pycnantha_Golden_Wattle.jpg
Zea Mays (Corn),https://upload.wikimedia.org/wikipedia/commons/b/b7/Corncobs_edit1.jpg
Zebra Grass,https://upload.wikimedia.org/wikipedia/commons/4/45/Equus_quagga_burchellii_-_Etosha%2C_2014.jpg
Achillea (Yarrow),https://upload.wikimedia.org/wikipedia/commons/1/1a/Achillea_millefolium_%28bright%29.jpg
Angelonia,https://upload.wikimedia.org/wikipedia/commons/5/50/Maypurpleflower.jpg
Bearded Iris,https://upload.wikimedia.org/wikipedia/commons/f/f8/Iris_sanguinea_cultivar%2C_Wakehurst_Place%2C_UK_-_Diliff.jpg
Black Currant,https://upload.wikimedia.org/wikipedia/commons/0/05/Ribes_nigrum_a1.JPG
Bloodroot,https://upload.wikimedia.org/wikipedia/commons/6/6b/Sanguinaria_canadensis_Arkansas.jpg
Carob Tree,https://upload.wikimedia.org/wikipedia/commons/1/1d/Ceratonia_siliqua_Keciboynuzu_1370984_Nevit.jpg
Clover,https://upload.wikimedia.org/wikipedia/commons/8/8d/79_Trifolium_repens_L.jpg
Daffodils,https://upload.wikimedia.org/wikipedia/commons/6/63/Narcissus_poeticus_subsp._radiiflorus.1658.jpg
Dogwood Tree,https://upload.wikimedia.org/wikipedia/commons/4/49/Bgbo_cornus_kousa_var_chinensis_ies.jpg
Engelmann Spruce,https://upload.wikimedia.org/wikipedia/commons/e/ea/Engelmann_spruce_on_the_PCT%2C_Washington.JPG
Fairy Lantern,https://upload.wikimedia.org/wikipedia/commons/5/5c/Calochortus_albus_flowers.jpg
Fritillaria,https://upload.wikimedia.org/wikipedia/commons/6/68/Fritillaria_meleagris0.jpg
Galax,https://upload.wikimedia.org/wikipedia/commons/2/28/Galax_urceolata.jpg
Ginkgo,https://upload.wikimedia.org/wikipedia/commons/e/e0/GINKGOBAUM-2.jpg
Grape Hyacinth,https://upload.wikimedia.org/wikipedia/commons/7/7e/Hyacinth_-_Anglesey_Abbey.jpg
Guar,https://upload.wikimedia.org/wikipedia/commons/9/9b/Cluster_bean-guar-Cyamopsis_psoralioides-Cyamopsis_tetragonolobus-TAMIL_NADU73.jpg
Gumwood Tree,https://upload.wikimedia.org/wikipedia/commons/e/e8/MELLISS%281875%29_p395_-_PLATE_41_-_Psiadia_Rotundifolia.jpg
Goldenrods,https://upload.wikimedia.org/wikipedia/commons/e/e2/Solidago_nemoralis.jpg
Goldenseal,https://upload.wikimedia.org/wikipedia/commons/b/bd/Hydrastis_canadensis.jpg
Heliopsis,https://upload.wikimedia.org/wikipedia/commons/1/15/Heliopsis_July_2011-2.jpg
Henbane,https://upload.wikimedia.org/wikipedia/commons/4/4f/Hyoscyamus_niger_-_K%C3%B6hler%E2%80%93s_Medizinal-Pflanzen-073.jpg
Heracleum (Cow Parsnip),https://upload.wikimedia.org/wikipedia/commons/7/79/Heracleum_lanatum_from_High_Trail.jpg
Hops Vine,https://upload.wikimedia.org/wikipedia/commons/1/18/%22A_Momordica_charantia-_bitter_guard_plant%22.jpg
Indian Grass,https://upload.wikimedia.org/wikipedia/commons/b/bd/YosriNov04Pokok_Serai.JPG
Jerusalem Artichoke,https://upload.wikimedia.org/wikipedia/commons/a/ae/Sunroot_top.jpg
Laelia Orchid,https://upload.wikimedia.org/wikipedia/commons/8/81/Laelia-anceps.jpg
Ligustrum,https://upload.wikimedia.org/wikipedia/commons/0/0d/FloweringLigustrumLucidumTree.jpg
Lilac Tree,https://upload.wikimedia.org/wikipedia/commons/c/c6/Stockholm-lilac.jpg
